{
  "input": "data/reddit_gaming_balanced_10k.csv",
  "embedding_model": "qwen3-embedding:0.6b",
  "embedding_shape": [
    10000,
    1024
  ],
  "split_sizes": {
    "train": 7000,
    "dev": 1500,
    "test": 1500
  },
  "label_mapping": {
    "label_to_id": {
      "mixed": 0,
      "negative": 1,
      "neutral": 2,
      "positive": 3
    },
    "id_to_label": {
      "0": "mixed",
      "1": "negative",
      "2": "neutral",
      "3": "positive"
    }
  },
  "classifiers": {
    "gaussian_naive_bayes": {
      "dev": {
        "accuracy": 0.5026666666666667,
        "macro_f1": 0.5020035936611268,
        "weighted_f1": 0.5025827668235134,
        "per_class": {
          "mixed": {
            "precision": 0.4261501210653753,
            "recall": 0.5146198830409356,
            "f1": 0.46622516556291393,
            "support": 342
          },
          "negative": {
            "precision": 0.4822485207100592,
            "recall": 0.42670157068062825,
            "f1": 0.4527777777777778,
            "support": 382
          },
          "neutral": {
            "precision": 0.5796344647519582,
            "recall": 0.592,
            "f1": 0.5857519788918205,
            "support": 375
          },
          "positive": {
            "precision": 0.5273224043715847,
            "recall": 0.48129675810473815,
            "f1": 0.5032594524119948,
            "support": 401
          }
        },
        "confusion_matrix": [
          [
            176,
            77,
            27,
            62
          ],
          [
            119,
            163,
            64,
            36
          ],
          [
            24,
            54,
            222,
            75
          ],
          [
            94,
            44,
            70,
            193
          ]
        ]
      },
      "test": {
        "accuracy": 0.52,
        "macro_f1": 0.5175975450562814,
        "weighted_f1": 0.5178660161526364,
        "per_class": {
          "mixed": {
            "precision": 0.45112781954887216,
            "recall": 0.5263157894736842,
            "f1": 0.48582995951417,
            "support": 342
          },
          "negative": {
            "precision": 0.5091463414634146,
            "recall": 0.43832020997375326,
            "f1": 0.4710860366713681,
            "support": 381
          },
          "neutral": {
            "precision": 0.5710955710955711,
            "recall": 0.6533333333333333,
            "f1": 0.609452736318408,
            "support": 375
          },
          "positive": {
            "precision": 0.5465116279069767,
            "recall": 0.46766169154228854,
            "f1": 0.5040214477211795,
            "support": 402
          }
        },
        "confusion_matrix": [
          [
            180,
            68,
            32,
            62
          ],
          [
            114,
            167,
            71,
            29
          ],
          [
            19,
            46,
            245,
            65
          ],
          [
            86,
            47,
            81,
            188
          ]
        ]
      }
    },
    "neural_network": {
      "dev": {
        "accuracy": 0.6086666666666667,
        "macro_f1": 0.6111598045264063,
        "weighted_f1": 0.6113298038698233,
        "per_class": {
          "mixed": {
            "precision": 0.544973544973545,
            "recall": 0.6023391812865497,
            "f1": 0.5722222222222223,
            "support": 342
          },
          "negative": {
            "precision": 0.5648148148148148,
            "recall": 0.6387434554973822,
            "f1": 0.5995085995085995,
            "support": 382
          },
          "neutral": {
            "precision": 0.7840531561461794,
            "recall": 0.6293333333333333,
            "f1": 0.6982248520710059,
            "support": 375
          },
          "positive": {
            "precision": 0.583547557840617,
            "recall": 0.5660847880299252,
            "f1": 0.5746835443037974,
            "support": 401
          }
        },
        "confusion_matrix": [
          [
            206,
            74,
            3,
            59
          ],
          [
            73,
            244,
            23,
            42
          ],
          [
            12,
            66,
            236,
            61
          ],
          [
            87,
            48,
            39,
            227
          ]
        ]
      },
      "test": {
        "accuracy": 0.6,
        "macro_f1": 0.6006187656757536,
        "weighted_f1": 0.6015973491221578,
        "per_class": {
          "mixed": {
            "precision": 0.5052083333333334,
            "recall": 0.5672514619883041,
            "f1": 0.534435261707989,
            "support": 342
          },
          "negative": {
            "precision": 0.5626477541371159,
            "recall": 0.6246719160104987,
            "f1": 0.5920398009950248,
            "support": 381
          },
          "neutral": {
            "precision": 0.7304347826086957,
            "recall": 0.672,
            "f1": 0.7000000000000001,
            "support": 375
          },
          "positive": {
            "precision": 0.6206896551724138,
            "recall": 0.5373134328358209,
            "f1": 0.576,
            "support": 402
          }
        },
        "confusion_matrix": [
          [
            194,
            83,
            6,
            59
          ],
          [
            84,
            238,
            38,
            21
          ],
          [
            12,
            59,
            252,
            52
          ],
          [
            94,
            43,
            49,
            216
          ]
        ]
      },
      "history": [
        {
          "epoch": 1,
          "train_loss": 1.2100670919418335,
          "dev_macro_f1": 0.5446770037269482,
          "dev_accuracy": 0.546
        },
        {
          "epoch": 2,
          "train_loss": 0.9920952215194702,
          "dev_macro_f1": 0.5632165167699988,
          "dev_accuracy": 0.5686666666666667
        },
        {
          "epoch": 3,
          "train_loss": 0.9314076537404742,
          "dev_macro_f1": 0.578083766092082,
          "dev_accuracy": 0.5753333333333334
        },
        {
          "epoch": 4,
          "train_loss": 0.8937974707739694,
          "dev_macro_f1": 0.5911091720220742,
          "dev_accuracy": 0.5906666666666667
        },
        {
          "epoch": 5,
          "train_loss": 0.8691531910215106,
          "dev_macro_f1": 0.5831567259790742,
          "dev_accuracy": 0.5893333333333334
        },
        {
          "epoch": 6,
          "train_loss": 0.8523395583970206,
          "dev_macro_f1": 0.5954045140469391,
          "dev_accuracy": 0.5986666666666667
        },
        {
          "epoch": 7,
          "train_loss": 0.8341012142726353,
          "dev_macro_f1": 0.5954346326823604,
          "dev_accuracy": 0.594
        },
        {
          "epoch": 8,
          "train_loss": 0.8178382417815072,
          "dev_macro_f1": 0.6053087750705105,
          "dev_accuracy": 0.6026666666666667
        },
        {
          "epoch": 9,
          "train_loss": 0.803879038129534,
          "dev_macro_f1": 0.5979990397663656,
          "dev_accuracy": 0.5953333333333334
        },
        {
          "epoch": 10,
          "train_loss": 0.7839846438680377,
          "dev_macro_f1": 0.6111598045264063,
          "dev_accuracy": 0.6086666666666667
        },
        {
          "epoch": 11,
          "train_loss": 0.7649222341946194,
          "dev_macro_f1": 0.6065736482018451,
          "dev_accuracy": 0.6066666666666667
        },
        {
          "epoch": 12,
          "train_loss": 0.7531133822713579,
          "dev_macro_f1": 0.5993125499883799,
          "dev_accuracy": 0.6
        },
        {
          "epoch": 13,
          "train_loss": 0.7365200799533299,